triplet,n_C,C_freq,NUGA_freq,n_NUGA,RER,RERlog,pvalue,padj
AAA,236,84.045584045584,97.5609756097561,20,1.16081025217032,0.215132166324636,0.133216197173135,0.499560739399257
AAG,135,48.0769230769231,14.6341463414634,3,0.304390243902439,-1.71600597553056,0.990511211771652,0.999751843656493
AAT,56,19.9430199430199,0,0,0,-Inf,0.987014872709399,0.999751843656493
ACA,38,13.5327635327635,14.6341463414634,3,1.0813863928113,0.112882108076685,0.311780294995357,0.876882079674442
ACG,8,2.84900284900285,0,0,0,-Inf,0.46552091796249,0.999751843656493
ACT,20,7.12250712250712,9.75609756097561,2,1.36975609756098,0.453919025911752,0.184802874108225,0.594009238205009
AGA,30,10.6837606837607,29.2682926829268,6,2.73951219512195,1.45391902591175,0.00536093741313193,0.0268046870656596
AGG,11,3.91737891737892,0,0,0,-Inf,0.577207294459934,0.999751843656493
AGT,49,17.4501424501425,4.87804878048781,1,0.27954206072673,-1.83886272331609,0.888898475801944,0.999751843656493
ATA,20,7.12250712250712,19.5121951219512,4,2.73951219512195,1.45391902591175,0.0137077206650593,0.0616847429927669
ATG,43,15.3133903133903,4.87804878048781,1,0.318547929665343,-1.65041763390298,0.840906455371118,0.999751843656493
ATT,56,19.9430199430199,9.75609756097561,2,0.489198606271777,-1.03150780125849,0.795362170768764,0.999751843656493
CAA,158,56.2678062678063,102.439024390244,21,1.82056190182155,0.864383795400772,0.00140419624438626,0.0090269758567688
CAG,94,33.4757834757835,4.87804878048781,1,0.145718733783083,-2.77874173087852,0.993769845939157,0.999751843656493
CAT,61,21.7236467236467,4.87804878048781,1,0.224550179928029,-2.15489021676377,0.947104366727675,0.999751843656493
CCA,52,18.5185185185185,53.6585365853659,11,2.89756097560976,1.53483902129532,0.000283292749940212,0.0025496347494619
CCG,14,4.98575498575499,0,0,0,-Inf,0.66546211105002,0.999751843656493
CCT,32,11.3960113960114,4.87804878048781,1,0.428048780487805,-1.22415287920089,0.701854752029222,0.999751843656493
CGA,29,10.3276353276353,39.0243902439024,8,3.77863751051304,1.91786612567154,0.000160965815140468,0.00181086542033027
CGG,17,6.05413105413105,4.87804878048781,1,0.805738880918221,-0.311615720451225,0.368038325881772,0.974219097922337
CGT,88,31.3390313390313,0,0,0,-Inf,0.998868088933151,0.999751843656493
CTA,42,14.957264957265,78.0487804878049,16,5.21811846689896,2.38352969802035,1.57440860348856e-09,3.54241935784927e-08
CTG,87,30.982905982906,9.75609756097561,2,0.31488645920942,-1.66709637504961,0.959884410555429,0.999751843656493
CTT,48,17.0940170940171,9.75609756097561,2,0.570731707317073,-0.809115379922042,0.702730251642295,0.999751843656493
GAA,171,60.8974358974359,39.0243902439024,8,0.640821566110398,-0.642005394086783,0.869378216629832,0.999751843656493
GAG,142,50.5698005698006,4.87804878048781,1,0.0964616970113363,-3.37389999870557,0.999751843656493,0.999751843656493
GAT,72,25.6410256410256,9.75609756097561,2,0.380487804878049,-1.3940778806432,0.909144928087865,0.999751843656493
GCA,116,41.3105413105413,107.317073170732,22,2.59781328847771,1.37729774430884,4.67133325288138e-06,7.00699987932207e-05
GCG,93,33.1196581196581,4.87804878048781,1,0.147285601888277,-2.76331169030892,0.993343713077436,0.999751843656493
GCT,116,41.3105413105413,9.75609756097561,2,0.236164844407065,-2.08213387432846,0.992509742903588,0.999751843656493
GGA,44,15.6695156695157,19.5121951219512,4,1.24523281596452,0.316415502161817,0.224429294305963,0.673287882917888
GGG,23,8.19088319088319,0,0,0,-Inf,0.833994591150022,0.999751843656493
GGT,75,26.7094017094017,4.87804878048781,1,0.182634146341463,-2.45297156969677,0.978369578465365,0.999751843656493
GTA,35,12.4643874643875,39.0243902439024,8,3.13087108013937,1.64656410385415,0.000752290841668168,0.00564218131251126
GTG,51,18.1623931623932,0,0,0,-Inf,0.98093632822369,0.999751843656493
GTT,45,16.025641025641,0,0,0,-Inf,0.969748342529683,0.999751843656493
TAT,46,16.3817663817664,0,0,0,-Inf,0.97199131449869,0.999751843656493
TCA,49,17.4501424501425,97.5609756097561,20,5.59084121453459,2.48306537157127,4.02833322254992e-12,1.81274995014746e-10
TCG,18,6.41025641025641,9.75609756097561,2,1.5219512195122,0.605922119356802,0.147410120452903,0.51026580156774
TCT,43,15.3133903133903,0,0,0,-Inf,0.964705960841563,0.999751843656493
TGG,38,13.5327635327635,4.87804878048781,1,0.360462130937099,-1.47208039264447,0.787150097031136,0.999751843656493
TGT,22,7.83475783475784,19.5121951219512,4,2.49046563192905,1.31641550216182,0.0205424373810363,0.0840372438315123
TTA,55,19.5868945868946,48.7804878048781,10,2.49046563192905,1.31641550216182,0.0018022270703375,0.0101375272706485
TTG,56,19.9430199430199,9.75609756097561,2,0.489198606271777,-1.03150780125849,0.795362170768764,0.999751843656493
TTT,74,26.3532763532764,14.6341463414634,3,0.555306526038233,-0.848643744108679,0.804810233338527,0.999751843656493
