triplet,n_R,R_freq,URRUG_freq,n_URRUG,RER_URRUG,RERlog_URRUG,pvalue,padj
AAA,320,74.6616892207186,127.272727272727,21,1.70465909090909,0.76948324832213,0.00328534321792662,0.100202968146762
AAC,87,20.2986467568829,30.3030303030303,5,1.49285963079067,0.578078519469366,0.124659872106159,0.475265762404731
AAG,160,37.3308446103593,18.1818181818182,3,0.487045454545455,-1.03787167373547,0.872958047526542,0.942913848239049
AAT,81,18.8987400839944,6.06060606060606,1,0.32068836513281,-1.64075608245389,0.834734169747117,0.942913848239049
ACA,11,2.5664955669622,6.06060606060606,1,2.36143250688705,1.23966230179343,0.0688059796685052,0.466351639975424
ACC,14,3.26644890340644,6.06060606060606,1,1.85541125541126,0.891738998373128,0.105242333003071,0.475265762404731
ACG,13,3.03313112459169,0,0,0,-Inf,0.411567310712391,0.760775937983511
ACT,8,1.86654223051797,0,0,0,-Inf,0.278581352693076,0.668421380230762
AGA,29,6.76621558562762,0,0,0,-Inf,0.692914601771453,0.942913848239049
AGC,49,11.4325711619225,12.1212121212121,2,1.06023500309215,0.0843840763155235,0.306234242900765,0.668421380230762
AGG,26,6.06626224918339,6.06060606060606,1,0.999067599067599,-0.00134579771036046,0.277127958145372,0.668421380230762
AGT,62,14.4657022865142,6.06060606060606,1,0.418963831867058,-1.25510238995614,0.709765655560274,0.942913848239049
ATA,28,6.53289780681288,6.06060606060606,1,0.927705627705628,-0.108261001626872,0.306816371253464,0.668421380230762
ATC,57,13.2991133924405,36.3636363636364,6,2.73429027113238,1.45116640698715,0.00659644075841515,0.100595721565831
ATG,58,13.5324311712552,24.2424242424242,4,1.7914315569488,0.84111292530316,0.0771768184289876,0.470778592416824
ATT,73,17.0321978534764,0,0,0,-Inf,0.947970710071881,0.947970710071881
CAA,154,35.9309379374708,36.3636363636364,6,1.01204250295159,0.0172698804569865,0.384176187944357,0.748531390350051
CAC,79,18.4321045263649,12.1212121212121,2,0.657614115841964,-0.604686827746371,0.60662335090499,0.942913848239049
CAG,127,29.6313579094727,12.1212121212121,2,0.409067048437127,-1.28959076634143,0.87843002021683,0.942913848239049
CAT,106,24.731684554363,12.1212121212121,2,0.49010863350486,-1.02882653413247,0.790834085748733,0.942913848239049
CCA,34,7.93280447970135,0,0,0,-Inf,0.749259060697928,0.942913848239049
CCC,25,5.83294447036864,6.06060606060606,1,1.0390303030303,0.055237730656007,0.262236679892486,0.668421380230762
CCG,42,9.79934671021932,12.1212121212121,2,1.23694083694084,0.306776497651971,0.231130697735517,0.668421380230762
CCT,19,4.43303779748017,12.1212121212121,2,2.73429027113238,1.45116640698715,0.037671176578436,0.287242721410574
CGA,49,11.4325711619225,6.06060606060606,1,0.530117501546073,-0.915615923684476,0.583990537717648,0.942913848239049
CGC,105,24.4983667755483,60.6060606060606,10,2.47388167388167,1.30677649765197,0.00237271869433453,0.100202968146762
CGG,35,8.1661222585161,0,0,0,-Inf,0.759213886247697,0.942913848239049
CGT,133,31.0312645823612,12.1212121212121,2,0.390612895876054,-1.35618851507046,0.896541036030571,0.942913848239049
CTA,27,6.29958002799813,0,0,0,-Inf,0.666954904524718,0.942913848239049
CTC,31,7.23285114325712,12.1212121212121,2,1.67585532746823,0.744897610043856,0.123318480646958,0.475265762404731
CTG,112,26.1315912272515,36.3636363636364,6,1.39155844155844,0.476701499094284,0.145368086668268,0.521614899221431
CTT,53,12.3658422771815,6.06060606060606,1,0.49010863350486,-1.02882653413247,0.62659044052871,0.942913848239049
GAA,188,43.8637424171722,54.5454545454545,9,1.24352030947776,0.314430070195407,0.181969020663564,0.58421632949881
GAC,68,15.8656089594027,18.1818181818182,3,1.14598930481283,0.196593579901548,0.279024334754205,0.668421380230762
GAG,162,37.7974801679888,18.1818181818182,3,0.481032547699214,-1.05579358173274,0.878823173201061,0.942913848239049
GAT,113,26.3649090060663,18.1818181818182,3,0.689621882542237,-0.5361225412633,0.649321327273165,0.942913848239049
GCA,135,31.4979001399907,66.6666666666667,11,2.11654320987654,1.0817099420172,0.00564921554255715,0.100595721565831
GCC,103,24.0317312179188,36.3636363636364,6,1.51315092674316,0.59755589396867,0.10634626023327,0.475265762404731
GCG,125,29.1647223518432,42.4242424242424,7,1.45464242424242,0.540664557826249,0.111525257373228,0.475265762404731
GCT,69,16.0989267382175,6.06060606060606,1,0.376460254721124,-1.40943053634744,0.763127894209,0.942913848239049
GGA,60,13.9990667288847,6.06060606060606,1,0.432929292929293,-1.20779667517779,0.69275305037259,0.942913848239049
GGC,67,15.632291180588,12.1212121212121,2,0.775395748530077,-0.366995270027041,0.495913914824122,0.889727906007983
GGG,72,16.7988800746617,0,0,0,-Inf,0.945839949873782,0.947970710071881
GGT,92,21.4652356509566,6.06060606060606,1,0.282345191040843,-1.82446803562628,0.882410947199469,0.942913848239049
GTA,38,8.86607559496034,0,0,0,-Inf,0.786756446596071,0.942913848239049
GTC,36,8.39944003733084,12.1212121212121,2,1.44309764309764,0.52916891898842,0.169973573121448,0.576021553356018
GTG,53,12.3658422771815,30.3030303030303,5,2.4505431675243,1.2931015607549,0.0171684154966201,0.174545557548971
GTT,72,16.7988800746617,6.06060606060606,1,0.360774410774411,-1.47083108101158,0.783236615150643,0.942913848239049
TAC,42,9.79934671021932,24.2424242424242,4,2.47388167388167,1.30677649765197,0.0239253773682229,0.208492574208799
TAT,57,13.2991133924405,12.1212121212121,2,0.911430090377459,-0.13379609373401,0.392672204773797,0.748531390350051
TCA,54,12.5991600559963,6.06060606060606,1,0.481032547699214,-1.05579358173274,0.636689025069643,0.942913848239049
TCC,47,10.965935604293,12.1212121212121,2,1.10535138620245,0.144505068753094,0.284569164661365,0.668421380230762
TCG,27,6.29958002799813,6.06060606060606,1,0.962065095398429,-0.0557935817327367,0.29199511166589,0.668421380230762
TCT,30,6.99953336444237,0,0,0,-Inf,0.705121079899064,0.942913848239049
TGC,30,6.99953336444237,6.06060606060606,1,0.865858585858586,-0.207796675177787,0.336242976664382,0.688885716197378
TGG,61,14.2323845076995,24.2424242424242,4,1.70332836562345,0.768356582867845,0.0911509853312071,0.475265762404731
TGT,22,5.13299113392441,0,0,0,-Inf,0.591973233161672,0.942913848239049
TTA,51,11.899206719552,0,0,0,-Inf,0.873899608735295,0.942913848239049
TTC,80,18.6654223051797,42.4242424242424,7,2.27287878787879,1.18452074760097,0.0124721931025406,0.152160755850995
TTG,52,12.1325244983668,12.1212121212121,2,0.999067599067599,-0.00134579771036046,0.338796253867563,0.688885716197378
TTT,73,17.0321978534764,0,0,0,-Inf,0.947970710071881,0.947970710071881
