triplet,n,C_freq,NUGA_freq,n_NUGA,RER,RERlog,pvalue,padj
AAA,62,22.0170454545455,29.8507462686567,20,1.35580163697641,0.439146117792649,0.277790330062743,0.999999999990113
AAG,135,47.9403409090909,29.8507462686567,20,0.622664455500276,-0.683473168871306,0.999929343489816,0.999999999990113
AAT,24,8.52272727272727,0,0,0,-Inf,0.999835106067054,0.999999999990113
ACA,33,11.71875,19.4029850746269,13,1.65572139303483,0.727459932074801,0.0899168612200817,0.50578234436296
ACG,52,18.4659090909091,14.9253731343284,10,0.808266360505166,-0.307097289961567,0.94303466483416,0.999999999990113
ACT,11,3.90625,0,0,0,-Inf,0.98180503620005,0.999999999990113
AGA,27,9.58806818181818,8.95522388059702,6,0.933996683250415,-0.0985106681501497,0.753554570550107,0.999999999990113
AGG,53,18.8210227272727,7.46268656716418,5,0.396508025908195,-1.33457802638367,0.999690534158091,0.999999999990113
AGT,30,10.6534090909091,0,0,0,-Inf,0.999980974354066,0.999999999990113
ATA,17,6.03693181818182,11.9402985074627,8,1.97787532923617,0.983951492041823,0.0428171447267915,0.321128585450937
ATG,28,9.94318181818182,5.97014925373134,4,0.600426439232409,-0.735940588765442,0.955909699557067,0.999999999990113
ATT,19,6.74715909090909,0,0,0,-Inf,0.998997381576828,0.999999999990113
CAA,67,23.7926136363636,34.3283582089552,23,1.44281577188683,0.528887098891403,0.163368894805125,0.668327296930055
CAG,124,44.0340909090909,37.3134328358209,25,0.847376023110255,-0.238925787319988,0.98501960469171,0.999999999990113
CAT,27,9.58806818181818,0,0,0,-Inf,0.999944039150454,0.999999999990113
CCA,57,20.2414772727273,50.7462686567164,34,2.5070437287248,1.32598716037776,5.525682902352e-07,4.9731146121168e-06
CCG,113,40.1278409090909,35.8208955223881,24,0.892669396380927,-0.163802128401869,0.965066613737915,0.999999999990113
CCT,28,9.94318181818182,1.49253731343284,1,0.150106609808102,-2.73594058876544,0.999478895166866,0.999999999990113
CGA,176,62.5,138.805970149254,93,2.22089552238806,1.1511415257629,2.54574139546548e-13,5.72791813979734e-12
CGG,159,56.4630681818182,38.8059701492537,26,0.687280578240871,-0.541028903851101,0.99983318290891,0.999999999990113
CGT,76,26.9886363636364,4.47761194029851,3,0.165907305577376,-2.59155067943027,0.999999989814535,0.999999999990113
CTA,34,12.0738636363636,19.4029850746269,13,1.60702370500439,0.684391210182915,0.111909503857612,0.559547519288061
CTG,102,36.2215909090909,35.8208955223881,24,0.988937664618086,-0.0160485079581769,0.883082124265131,0.999999999990113
CTT,20,7.10227272727273,0,0,0,-Inf,0.999301484591209,0.999999999990113
GAA,79,28.0539772727273,25.3731343283582,17,0.904439826185528,-0.144903573634601,0.931307222822707,0.999999999990113
GAG,117,41.5482954545455,11.9402985074627,8,0.287383594846281,-1.79895038629124,0.99999999886038,0.999999999990113
GAT,54,19.1761363636364,0,0,0,-Inf,0.999999996380986,0.999999999990113
GCA,160,56.8181818181818,128.358208955224,86,2.25910447761194,1.1757509931069,8.94062601730639e-13,1.34109390259596e-11
GCG,159,56.4630681818182,32.8358208955224,22,0.581545104665353,-0.782037003354896,0.999994956747043,0.999999999990113
GCT,55,19.53125,0,0,0,-Inf,0.999999997461288,0.999999999990113
GGA,100,35.5113636363636,26.865671641791,18,0.756537313432836,-0.40251685504025,0.993909302551965,0.999999999990113
GGG,90,31.9602272727273,13.4328358208955,9,0.420298507462687,-1.2505137615952,0.999993655464992,0.999999999990113
GGT,81,28.7642045454545,1.49253731343284,1,0.0518887046250231,-4.26843566959246,0.999999999990113,0.999999999990113
GTA,40,14.2045454545455,40.2985074626866,27,2.83701492537313,1.50437374056827,1.69709243991178e-07,1.90922899490076e-06
GTG,61,21.6619318181818,8.95522388059702,6,0.413408367996085,-1.27436050354957,0.99984373055261,0.999999999990113
GTT,30,10.6534090909091,0,0,0,-Inf,0.999980974354066,0.999999999990113
TAT,4,1.42045454545455,1.49253731343284,1,1.05074626865672,0.0714143332921627,0.358078019044763,0.999999999990113
TCA,92,32.6704545454546,102.985074626866,69,3.15223880597015,1.65637683401332,0,0
TCG,85,30.1846590909091,43.2835820895522,29,1.43395961369622,0.520004392282033,0.139724017414352,0.628758078364585
TCT,26,9.23295454545455,4.47761194029851,3,0.4849598163031,-1.04406288412777,0.976188766734222,0.999999999990113
TGG,57,20.2414772727273,7.46268656716418,5,0.368682901283058,-1.43954758598522,0.999892755564127,0.999999999990113
TGT,5,1.77556818181818,1.49253731343284,1,0.840597014925373,-0.2505137615952,0.48299782499082,0.999999999990113
TTA,4,1.42045454545455,2.98507462686567,2,2.10149253731343,1.07141433329216,0.0877659022395952,0.50578234436296
TTG,33,11.71875,5.97014925373134,4,0.509452736318408,-0.972979786066291,0.986337947741861,0.999999999990113
TTT,10,3.55113636363636,0,0,0,-Inf,0.9738364389154,0.999999999990113
